,1 try,2 tries,3 tries,4 tries,5 tries,6 tries,7 or more tries (X)
0,1.1010859810726566e-06,0.0011047646744080867,0.0498167383834747,0.2940283433951159,0.4310944648197397,0.20186556356450575,0.022089024076774714
1,8.813696548532623e-07,0.0011185194701949749,0.052634542179756966,0.3147122877518016,0.4332360704048994,0.1807347849879454,0.01756291383574688
2,9.85779065026339e-07,0.0010909832495974115,0.05157601435470078,0.30968291861221947,0.43314716745053466,0.18840215952379186,0.016099771030090762
3,7.99830906151279e-07,0.0010420704274945384,0.051752510299722554,0.31477690131100866,0.4337633524951292,0.1836460166152283,0.01501834902051062
4,1.199837307862067e-06,0.0010589066124781729,0.04929691295313746,0.29826444958248244,0.43562148015059,0.19918036289129554,0.016576687972708438
5,9.429099587971014e-07,0.0010500056059758462,0.04987812951754465,0.30194415249342343,0.4362121900165298,0.19459868435581068,0.01631589510075689
6,1.310947499480933e-06,0.001100949466329471,0.04958008239390828,0.2931311100368225,0.43304020156065415,0.20418814201518792,0.01895820357959811
7,1.1190278476503632e-06,0.0010667809488548836,0.05136325958799239,0.3054195318130412,0.4320235643716577,0.19198919848283552,0.01813654576777066
8,9.57280165597367e-07,0.0010846625644781768,0.04985611659273913,0.29819524431379685,0.43375558423577415,0.19951692088037903,0.01759051413266703
9,2.0282301192853654e-06,0.0011274801200948537,0.05031971456781031,0.2965089003625306,0.4306558862604259,0.20095147052326698,0.020434519935752155
10,1.0873457610593322e-06,0.0010387708175686055,0.04932374788875489,0.2974973137935776,0.43652185416163564,0.19985332218434146,0.015763903808360756
11,1.4074576972837629e-06,0.001054970154355463,0.04819450069239689,0.29129251625803537,0.43491335584996516,0.2037035105167136,0.020839739070836204
12,8.779608474967756e-07,0.0011249032873715664,0.050686364872047654,0.30053550963879466,0.4342218599758535,0.19452733822681198,0.018903146038273165
13,1.2106029166236594e-06,0.0011190198441847325,0.050806886049763786,0.2987266810658566,0.4282229579894436,0.19791435786539743,0.02320888658243717
14,1.3264631061451674e-06,0.00103272309816491,0.050528279392855494,0.30839030777017346,0.43531641117706615,0.19093274891171527,0.013798203186918665
15,1.0844620720046265e-06,0.0010713814449690637,0.049149745963080825,0.29334645657092623,0.43569348004732683,0.20385791820181315,0.016879933309812002
16,1.3681020979499353e-06,0.0011204195061222662,0.05011886726788387,0.29517852511038345,0.4306980275551118,0.20126691617131356,0.02161587628708717
17,1.113335466173297e-06,0.0010590219318033158,0.049727907542664845,0.3002784357021206,0.4371724968738608,0.19584662909733175,0.015914395516752586
18,1.627896279392701e-06,0.0010830720192396936,0.048931570608223646,0.29272638968062786,0.4356684951502742,0.2030972806111644,0.018491564034190732
19,6.71195403838544e-07,0.0010340193505757414,0.05209203251813424,0.3202230859954005,0.43460008575829,0.1814079098218319,0.010642195360363736
20,8.758507886473245e-07,0.001043921535560034,0.04775345222317926,0.29293269553378976,0.4399948757221022,0.20166768982113872,0.016606489313441285
21,1.477031847281502e-06,0.001143201451336366,0.05056647218848284,0.2938659743240537,0.4311609841345693,0.20253569057346013,0.020726200296250216
22,1.3693314646473824e-06,0.0011450181153667262,0.051367078681556676,0.3049661511627715,0.4280221940309988,0.19270296662961,0.02179522204823165
23,9.990398847866098e-07,0.001023675625588593,0.0525615591623444,0.32014480275824614,0.43465277339946196,0.1794182833440162,0.01219790667045801
24,8.647334941655022e-07,0.0010146897530834682,0.05241323051304633,0.32022804468586724,0.4347678710387135,0.17956128964261356,0.012014009633181779
25,1.2419390577207603e-06,0.0011284889221793385,0.05060280958657201,0.29491671306652334,0.428492010052416,0.20266054871325254,0.022198187719999082
26,1.039514987376115e-06,0.0011164024057033481,0.05100312527550455,0.30053024512055593,0.4341821878504417,0.19509838608751917,0.01806861374528799
27,1.3316429763809854e-06,0.0010915548940780635,0.049757047567836075,0.29823354834052734,0.43289011458916604,0.20038896398008843,0.017637438985327627
28,1.322355315267546e-06,0.0010754266892696433,0.04897717694224668,0.2949716004524797,0.4355989720545942,0.2011167109925838,0.01825879051351072
29,1.1324661186285657e-06,0.0010925218631523865,0.04917672901067675,0.29129620180738536,0.4332477378434401,0.20352801188251848,0.02165766512670824
30,1.1100463237472725e-06,0.0011160860514138247,0.05028879070206042,0.2952703832097049,0.4315989338205103,0.2017690781392193,0.01995561803076743
31,9.764749188701086e-07,0.001091923027684511,0.051126159663609005,0.30379220154667147,0.43446375220257283,0.19180278808520726,0.01772219899933601
32,9.763175683120135e-07,0.0010322511652008474,0.052443423248086235,0.3162392686622279,0.43312644788534843,0.18226573662789378,0.014891896093674613
33,1.311039735461946e-06,0.0010956316590942812,0.05049144618585341,0.2978217206039656,0.43136793156659586,0.19976322755897766,0.019458731385777788
34,1.3545279805465306e-06,0.0011146408963925458,0.04997174631629652,0.2958151471912725,0.4311793300049013,0.20135494522874042,0.020562835834416072
35,1.2812200229245925e-06,0.001097178897826027,0.05151576878875508,0.30444883476197493,0.4305049211434066,0.1935095244503494,0.01892249073766493
36,7.529656745913079e-07,0.0010679798248114357,0.05100080294144751,0.30693925925870885,0.43500787050435596,0.18834140273983196,0.017641931765169663
37,1.2646222953970198e-06,0.001050036803695644,0.04942436909185989,0.3020297956639793,0.43211060871925244,0.19820676792315295,0.017177157175764384
38,1.1650479744236042e-06,0.0011124826732120852,0.05130555432300752,0.3009489102754193,0.431527718932529,0.19579824123697043,0.019305927510887114
39,1.015984797431055e-06,0.0010291757118711404,0.04943229354518506,0.30302508970353553,0.43670310508142507,0.19324159486598172,0.016567725107204008
40,9.651648852271961e-07,0.0010535785239723983,0.050449203023827154,0.3030038824990175,0.43450832029845704,0.19402159359749774,0.016962456892342975
41,1.3974356365508239e-06,0.0010782821684354035,0.050541104859855725,0.3030610927859945,0.433601987713401,0.19409421692629958,0.017621918110377187
42,1.273031757748319e-06,0.001050409534141512,0.04991529523659201,0.3029293863268452,0.43543552723801504,0.195166098557156,0.01550201007549256
43,8.081975176610619e-07,0.0010084884476369643,0.04957730843156605,0.30136045707905007,0.4372690543594223,0.1937743961127906,0.01700948737201621
44,1.3134024645214428e-06,0.0010652940624250676,0.049503543733881696,0.2975355906769128,0.4347470874579175,0.19999263898049477,0.01715453168590349
45,1.357860262243096e-06,0.0010991893825025292,0.050569634472424956,0.30071975703140846,0.4312403996530511,0.19723506432469795,0.019134597275652754
46,1.1341432816606015e-06,0.001076490763958051,0.0500493655921615,0.2987653257854015,0.43662604430436447,0.19588715601006015,0.017594483400772614
47,1.0608203277982358e-06,0.001087229828782241,0.05000390222918098,0.2990316791598587,0.43296156439802685,0.19621472739794646,0.020699836165876954
48,8.492770614866181e-07,0.000979745730193529,0.049424627552099164,0.30618976213332333,0.4377330086138653,0.19238553205242617,0.013286474641030888
49,1.2902231095093142e-06,0.0010717063145715253,0.05073611603536556,0.30445198700199344,0.4330420947675548,0.1928292573636122,0.01786754829379293
50,1.8452280040179074e-06,0.0010678280021220363,0.04754004109187324,0.2888536388178952,0.4363793110944889,0.2088978916251436,0.017259444140472945
51,1.0698461192948926e-06,0.0010753821707092633,0.05109575109253004,0.3038750058742249,0.43571657900219557,0.19024838576443553,0.01798782624978546
52,1.2366742883715329e-06,0.0011015525381024042,0.05041730242005629,0.29810275109220497,0.4307873853323445,0.19870329809005965,0.020886473852943736
53,1.8269872377971753e-06,0.0010994624726085628,0.05097375300951681,0.30227108464116625,0.4294909588729197,0.1963638244604669,0.019799089556083983
54,1.3657588333093629e-06,0.001056912793615552,0.049528442595104104,0.2966395914542458,0.4341361255005375,0.2013551076564117,0.017282454241252056
55,1.8319780751989424e-06,0.0010540642653942985,0.046918134902888174,0.28222209426603295,0.4378945888783818,0.21310957984501616,0.018799705864211376
56,9.21553766919379e-07,0.0010831717105066615,0.051592795838604384,0.3070689753468433,0.43358410069382947,0.18968490805064184,0.016985126805807438
57,1.5322906918248944e-06,0.0010673419774551063,0.048343575757792634,0.29113142862912,0.4359109936812413,0.2035275440318744,0.020017583631824713
58,1.6185293143568265e-06,0.001075042598224232,0.04820415910931373,0.28790725776789866,0.43291869268570987,0.20765118117282838,0.022242048136710678
59,1.7353775368952325e-06,0.0010713039156754862,0.04866173802161748,0.2922322148174999,0.43536636135573303,0.20320619634118958,0.019460450170747604
60,1.6476289979286382e-06,0.0011003661680206323,0.05039416723125497,0.29870274700124344,0.4304443809067477,0.19747583438389385,0.021880856679841406
61,5.597840770585548e-07,0.00107076377314266,0.04946550409492536,0.29783474878286914,0.43248020206017024,0.2002842309646949,0.01886399054012061
62,1.2269253848717024e-06,0.0010689577575371918,0.04911862202205065,0.29750001954715266,0.43484110832214107,0.200072627735095,0.01739743769063867
63,1.6758295648940939e-06,0.001079411313850861,0.04916990744086848,0.29417807865799284,0.43607833894764503,0.20264945155740763,0.016843136252670383
64,1.7989940806274777e-06,0.0010418621142962677,0.047607150385040424,0.2879739499480193,0.43907103395014785,0.20756474282018708,0.016739461788228594
65,1.2078489701067836e-06,0.0011022761470313896,0.05171084515486753,0.3059017215611519,0.43198592498942173,0.19185808320581754,0.017439941092739688
66,1.0354807767556877e-06,0.001060943814935382,0.04988093116018458,0.2971764032193461,0.43382658103065797,0.19704579682444331,0.021008308469655994
67,1.6939005451641863e-06,0.001124684848059813,0.05114295461980096,0.30228729617568295,0.43128699064281284,0.194709455787065,0.019446924026033208
68,1.183355612808632e-06,0.0010614635629841176,0.05070554975647222,0.30402567398302827,0.43461393756241207,0.19331338426598227,0.01627880751350825
69,1.0661472764397437e-06,0.0011181435929457013,0.050949164783014526,0.29966640119646226,0.4297707403622402,0.19681837371846495,0.02167611019959587
70,9.441668332189938e-07,0.0010447660012183203,0.0504725073030712,0.30768953206575994,0.43738300707794536,0.18861113631213236,0.01479810707303958
71,8.76414264524769e-07,0.0009962773370330354,0.04866810355232257,0.2981777587960721,0.4390962609376208,0.19768111465567798,0.015379608307009036
72,1.1866818032471134e-06,0.0011494942738150087,0.05235290847076853,0.3041717728530855,0.4281276209706653,0.19317497602725828,0.02102204072260426
73,1.4419651874450054e-06,0.0010346432625362978,0.04765743515128293,0.2911249215528475,0.43609649133369854,0.2078278144943688,0.0162572522400784
74,1.1905961572936856e-06,0.0010809281054750442,0.050000294966130024,0.2992442268614485,0.4341883855345482,0.19710871321392084,0.018376260722320074
75,1.451641455893879e-06,0.001097570190848465,0.048305377496618195,0.28822308484800085,0.43210673228421276,0.20707727871633244,0.023188504822531247
76,1.3327778009581619e-06,0.0010971785183797518,0.05076546396896451,0.30257205201091586,0.43196815878274025,0.19551991592100307,0.018075898020195578
77,1.1605774360675984e-06,0.0010897184265012112,0.0493231408319451,0.2959535709312435,0.4353500679341568,0.20089669069649008,0.017385650602227274
78,9.521975487634308e-07,0.0010164481216354939,0.05148672863608263,0.31512708156121444,0.43392378885078586,0.18665891059505238,0.011786090037680393
79,1.5968644498612637e-06,0.0011300554166288946,0.05002675991986425,0.29628385531198026,0.43162167279262215,0.20040742597499642,0.02052863371945828
80,1.3366383582525523e-06,0.0010530291755525899,0.050818511420227724,0.3025712144217574,0.4336720766254373,0.19278491023360858,0.019098921485058342
81,1.1999638810304346e-06,0.001012083507090538,0.04650663137133891,0.2845886128234121,0.43757833055988105,0.21255701709688704,0.01775612467750925
82,1.6055684798068957e-06,0.0011192177621511304,0.05002463322510515,0.2968592817878323,0.43422999097615295,0.19812248938410876,0.0196427812961699
83,1.1917374124520572e-06,0.0010899713521791159,0.04913761070844214,0.2929232998360262,0.43113649659567477,0.20370508485219302,0.02200634491807225
84,1.1316478515602531e-06,0.0010307447362271822,0.04783294881420291,0.2915527029726758,0.4365857519306174,0.20667061030272182,0.016326109595703405
85,8.643210565919877e-07,0.0010409880786537405,0.050641029667290956,0.3099483846081923,0.4360437144275962,0.1873371341748939,0.01498788472231626
86,6.973118474215054e-07,0.0010539423179268454,0.05258088713487213,0.31581445054340207,0.4311824649342091,0.18252791021083942,0.016839647546903168
87,9.0526075051752e-07,0.001033713919597642,0.052336947221123836,0.3191267382156485,0.4322062780374637,0.18080563221113333,0.014489785134282297
88,1.1071330983275156e-06,0.001115892769186722,0.05099443039798299,0.30160573352442505,0.4334138447171255,0.19494597491243698,0.01792301654574428
89,1.6636953856879828e-06,0.0010929535628142932,0.05070955937248516,0.3017705119867782,0.43542535465768156,0.19347053062580047,0.017529426099054453
90,9.803078209923503e-07,0.001012820540625337,0.050751001857424746,0.31301190393607853,0.43907504695999405,0.18479429964048275,0.01135394675757344
91,9.234331326014509e-07,0.0011431110050589258,0.05124644334637322,0.29863092820156073,0.4318242886282269,0.19687117588137523,0.02028312950427236
92,1.0925582982308822e-06,0.0011019052907485258,0.050547140794487515,0.30227330957185244,0.43392404212277313,0.1942835477588639,0.01786896190297623
93,1.210564691871369e-06,0.001082785249787074,0.051359436285725514,0.3047033903216982,0.4319537561837851,0.19320935300921485,0.01769006838509742
94,9.210127128782284e-07,0.0010660341730676921,0.048500994356134974,0.29247794419376755,0.43464631419063715,0.20529630349455683,0.01801148857912292
95,8.516740737323913e-07,0.0010542094128103282,0.05068150829053746,0.3062758775969321,0.4359112551678044,0.19037523888926094,0.01570105896858111
96,1.2324551869307096e-06,0.0011383626267156,0.051231229666920015,0.2987983828432524,0.428154280854302,0.19913279966836647,0.021543711885256635
97,8.32062746874398e-07,0.0009963964560269006,0.04983090930399198,0.30818569349052044,0.43809580267094633,0.18996852808682804,0.012921837928939417
98,1.0148866146121725e-06,0.001041655390682816,0.050436974510535776,0.3045234909807052,0.4351399535038325,0.1924890420256443,0.01636786870198483
99,1.6423374439573473e-06,0.0011130180071110484,0.05068133295366235,0.29852595173881097,0.4360852559840085,0.19401704710752238,0.019575751871440835
100,8.706055481782388e-07,0.0009938688052173357,0.050563853591620335,0.3116882833519098,0.4402971626987068,0.18362290275727525,0.012833058189722371
101,1.7024149827300381e-06,0.001144674842819927,0.05106507180165471,0.29784550986883,0.43019063593173823,0.1987356323365916,0.02101677280338277
102,9.446342696227229e-07,0.0010963164876838082,0.050741389044129004,0.30106705024808095,0.4304921022520349,0.19820513507748574,0.018397062256315964
103,1.074430864953728e-06,0.0010221469939253208,0.049245937764686804,0.3020734410739104,0.434439434986784,0.1965239626230212,0.016694002126807383
104,1.342333776302978e-06,0.0010676686061850986,0.048708427619706965,0.29333491515743354,0.4353047409287756,0.2019864386680971,0.01959646668602544
105,1.3538654637417493e-06,0.0010793645161544427,0.04994065511225332,0.2985793327840437,0.43458485672167335,0.19822205628699688,0.017592380713414516
106,9.711093116129979e-07,0.00105735966324134,0.05041472641906986,0.30150518039056196,0.43559350308619915,0.19388880235908032,0.017539456972535724
107,1.4409513969947702e-06,0.0010292238085436378,0.04838300966139358,0.2936413545545098,0.43785423772148363,0.2032756343717645,0.015815098930907913
108,9.638956076447645e-07,0.00099522621137888,0.05065720207927,0.3103423671157315,0.43707955096768897,0.1878599011729538,0.01306478855736917
109,7.517939672055275e-07,0.001025709005068737,0.05005032441428041,0.3086123658709434,0.43693643530905796,0.1888599780172918,0.014514435589390381
110,1.0541094760091108e-06,0.001043079617398771,0.05008380319628205,0.30394924005378504,0.4371700741664488,0.1927674952410763,0.014985253615532924
111,1.5396603366006397e-06,0.0011011850651828576,0.050333875159068765,0.2987246173008125,0.4330975187571139,0.19731321879991337,0.019428045257572
112,1.1079724506329418e-06,0.001079518964694158,0.05006048321700794,0.297095173297355,0.4324045262874041,0.19878017592798436,0.020579014333104082
113,1.2106124658187962e-06,0.0010555427639105368,0.05034597621564121,0.3002360801409287,0.43281824254356177,0.19511401871485481,0.020428929008637183
114,1.1693513697044634e-06,0.0010788168274364057,0.04998315607787098,0.2982036229902814,0.4335983875074271,0.19831674928214107,0.018818097963473456
115,1.1258531218630202e-06,0.0010848372467872206,0.05082643983578017,0.3042439068146665,0.43507682329628244,0.1913450343792845,0.017421832574077353
116,1.1438929376829426e-06,0.0010526155379149175,0.05050255955762829,0.3076922880509114,0.4358462797673684,0.18940808254935967,0.015497030643879587
117,1.1851143321525978e-06,0.0010469764682470189,0.049990367619954526,0.3037375888485883,0.4361913611858156,0.1936615317690475,0.015370988994014751
118,1.2760775479619782e-06,0.001096270577435954,0.050446983868177205,0.29918510409346744,0.43281933166399944,0.19822795970870583,0.018223074010666026
119,1.3342107612606638e-06,0.0010875628292276519,0.05041555346364157,0.2993244384775121,0.4330721292145943,0.19610138869526797,0.01999759310899532
120,1.1264420072639939e-06,0.0011145151526776355,0.05092293305324954,0.3020691767180371,0.43056460367158705,0.19660969079525537,0.018717954167185948
121,1.494624399508077e-06,0.001083327158510595,0.04844680082843254,0.2896013339213882,0.43588288732342806,0.204938903546428,0.020045252597413087
122,8.363480350030058e-07,0.0010878754897567272,0.050708912016629984,0.3020121301682393,0.43232326997186676,0.19472404979332683,0.01914292621214534
123,1.013500447557587e-06,0.0010495593095306436,0.05006006047096285,0.3019050781821222,0.43426566698315566,0.1949997907129671,0.017718830840813916
124,1.4785404138353202e-06,0.0011497194206454885,0.050272142929512945,0.2949470895731862,0.43075766517242003,0.20156576530474293,0.02130613905907852
125,8.542848975961714e-07,0.0010678301160360324,0.051956511219335824,0.3080762486458148,0.43406720920311775,0.18819911746812737,0.01663222906267062
126,1.2934658704405482e-06,0.001049742283241757,0.050104533791186165,0.30168162335496124,0.43500145845110055,0.1945005302427406,0.01766081841089918
127,7.929921363668957e-07,0.001078280163241605,0.05091891464747109,0.30488690662855245,0.4325812303178013,0.19228220891186887,0.01825166633892826
128,6.929841528245471e-07,0.0010109519341048817,0.05030776161551353,0.3081097145344263,0.43629177718863876,0.18909249225691163,0.015186609486251973
129,1.0196837515717805e-06,0.001074931852245404,0.04820985090081001,0.28936474718670147,0.4345040918512054,0.20647290382244668,0.020372454702839406
130,6.484421703796422e-07,0.0010946925276622654,0.04862114482453747,0.29044534525180205,0.4350210593793829,0.2043436262017857,0.020473483372659237
131,1.4551489577855567e-06,0.0010906332363711713,0.050353715922118014,0.30096004208237986,0.43489663154100777,0.19412168557164816,0.018575836497517203
132,1.0591810273363037e-06,0.0010345338215981476,0.05183932314232715,0.31372877703465835,0.4347878964878859,0.18285618979960577,0.015752220532897196
133,8.622889274208831e-07,0.001017187458476123,0.04986615655853281,0.30476834361829885,0.43710343224981724,0.19189757575429708,0.015346442071650354
134,1.6186467907195176e-06,0.0010846268587642331,0.04994936760677399,0.30158621742757047,0.4333023056460603,0.19758778856112885,0.016488075252911464
135,1.7238793698774992e-06,0.0010822885354935723,0.04942612849744848,0.2953092405074716,0.4323481637357079,0.20124735357743162,0.02058510126707692
136,1.3259555667794557e-06,0.001033322054898434,0.052504312605176136,0.31629810500200084,0.43396809348066334,0.18327419940621617,0.012920641495478188
137,7.183993364861618e-07,0.001130740976919681,0.05145445974166183,0.3048123160632645,0.430546668255907,0.19127776787472012,0.020777328688190436
138,1.5092017133959443e-06,0.001084851155021845,0.049009258069017785,0.2915848768100199,0.43552109268697453,0.20299927189024675,0.01979914018700578
139,2.116221865725741e-06,0.0011244784488793728,0.050369842859145454,0.2966332774830553,0.43188904548539175,0.19840893169622073,0.02157230780544164
140,7.637010954078218e-07,0.0010679301665431232,0.051492633227981255,0.3102013434825788,0.4337749486582135,0.18804898903364184,0.015413391729946142
141,1.0757094584742179e-06,0.001013825905801468,0.050036641637116706,0.30815756945496764,0.4371551055006388,0.19051970702710913,0.013116074764907898
142,1.940566720480676e-06,0.001104399049290255,0.05094367054586263,0.2984051058681186,0.4312058267936798,0.19860320733809933,0.01973584983822908
143,1.12533699606795e-06,0.0011069674968079786,0.05019041895187863,0.29885429444443445,0.4313533049287607,0.19924721420203564,0.01924667463908659
144,1.0313333694899226e-06,0.0011204894358087432,0.05170584169551687,0.30158970869248264,0.42831852707204754,0.195470342531043,0.02179405923973173
145,9.724688882048011e-07,0.0010401798330478033,0.050335617973762306,0.30551166841779487,0.43392954813665285,0.19384977976960163,0.015332233400252386
146,1.1596577365685773e-06,0.001095409694909236,0.05122059158652355,0.3028696238487146,0.42883348772774543,0.19529886777640368,0.020680859707966973
147,1.0090325842328877e-06,0.0010931935117360174,0.05141630641557506,0.30683433794496023,0.43065342794636,0.191811070886115,0.018190654262669442
148,9.939665557081516e-07,0.0010598703545364888,0.05125025915320567,0.3099432981116212,0.4328272914301246,0.1889334269488574,0.015984860035098955
149,1.1657391545159458e-06,0.001082049820590405,0.051045375557367836,0.3030146446678074,0.43255524642086834,0.1934360696032519,0.01886544819095941
150,1.2525480257550696e-06,0.0011131573970124026,0.05180694197968465,0.3073647399340927,0.43124853887574094,0.19010628787699752,0.01835908138844603
151,1.1131879099277572e-06,0.0010899667750082886,0.050392673749763556,0.29929177466742296,0.4329997173130167,0.19682335069267407,0.019401403614204355
152,9.158116335050721e-07,0.0010687656139287168,0.050377793626469776,0.30074430798493307,0.43330584622917007,0.19617536370574443,0.01832700702812053
153,9.618012136698886e-07,0.001102785062992772,0.050749806670898415,0.301344185006418,0.4301539067279282,0.19609502225081574,0.020553332479733268
154,1.2055281565031875e-06,0.0010639865823249355,0.051793189353939374,0.30591312029942397,0.4304271781122507,0.19170197062795155,0.019099349495952905
155,1.3909488384284443e-06,0.0011353374635408255,0.050474539564828606,0.294844434977222,0.4290435471509701,0.20367956608891935,0.020821183805680536
156,1.0398488562843322e-06,0.001052740910005559,0.04908643896215084,0.29734280371171345,0.4349120277179102,0.199449346626967,0.018155602222396632
157,1.3927828793979114e-06,0.0010198430039374958,0.04713356899643372,0.28930059989121565,0.4394168274333401,0.20632235705327917,0.016805410838914434
158,1.2641385009368464e-06,0.001093696440866293,0.04963069237154699,0.2974341039739831,0.43253885894836125,0.19873836577611548,0.020563018350625992
159,1.0901167142731046e-06,0.0010970335904393195,0.050320151166370335,0.29975345102288303,0.4321107296962592,0.19691931673832036,0.01979822766901346
160,6.113172656028546e-07,0.0010268374653606633,0.05247440144776654,0.3194587238055422,0.4348958982209381,0.17857529345761733,0.013568234285509666
161,9.69418993772042e-07,0.0010717784446447923,0.049876292064805774,0.300265591337462,0.4348001387032723,0.19526995662443636,0.01871527340638491
162,1.0681348423489934e-06,0.0010626035142857048,0.052025544115750444,0.31208965931717675,0.4352094608697279,0.18441474528641408,0.015196918761802682
163,7.987889537225432e-07,0.0010904271534119792,0.0513754902920887,0.3062813841173473,0.4300055536187635,0.19192048387397595,0.019325862155458905
164,1.2756718750904236e-06,0.0011060962226401357,0.051194489578101236,0.3011411921251062,0.43041701526857756,0.1960357710763143,0.020104160057385575
165,6.781998384843e-07,0.001002896821826404,0.048735525885071705,0.29908055382990234,0.4368042182462328,0.19785214754944233,0.016523979467685974
166,1.666087720551891e-06,0.0010697905580299622,0.04878390619730295,0.2920437113185508,0.4332439345459836,0.20625907397493604,0.01859791731747607
167,1.668313488385672e-06,0.0010866680486816887,0.04951402644426632,0.2961383092990656,0.4350067608667568,0.20017411016250325,0.018078456865237885
168,1.3542436829708397e-06,0.0010739894770862759,0.04867829868087985,0.2912185697021747,0.43679536032873506,0.20094569581551758,0.02128673175192362
169,9.347432752495002e-07,0.0011274576708117884,0.05140654823124774,0.305055083687268,0.429777140091841,0.1924824782768734,0.020150357298682697
170,1.1869869616774587e-06,0.0011204930711311684,0.050624078924746144,0.3022729618407434,0.4322361849045512,0.19376057220223808,0.019984522069628256
171,1.2245952223707058e-06,0.001059760391197109,0.048648780561318515,0.2951449916430447,0.43713870407354927,0.20041824975265007,0.017588288983017994
172,1.183543665441681e-06,0.001128657891947377,0.049133805315376776,0.29095163849022054,0.4331306497438696,0.20481639655968212,0.020837668455238052
173,1.231313718065966e-06,0.0010848287652067915,0.05099397578044428,0.30484422987882104,0.4337387527313007,0.19129357669888444,0.01804340483162467
174,1.5840354462319096e-06,0.0011094937028583078,0.050628954688040406,0.2993737494707881,0.4325847153358496,0.19779411114744638,0.018507391619570938
175,9.04263137967111e-07,0.0010753250652601617,0.051980791465259454,0.3109644402013089,0.4314224183330713,0.18729618225650363,0.017259938415458552
176,1.0401134497360733e-06,0.0011126622932987687,0.049931223777112066,0.2978323185032868,0.43462140654667575,0.19824189899926026,0.018259449766916576
177,1.0185732423873545e-06,0.0010510207129786338,0.049903692595811185,0.30214452431790867,0.43820905643064456,0.19361716952133984,0.01507351784807483
178,7.766543610041895e-07,0.0009993286982407678,0.04961541503071704,0.3056689435157919,0.4402307015854069,0.19100498973415317,0.012479844781329293
179,7.997879159917813e-07,0.001129297987343411,0.05162966655489164,0.3052617791923559,0.43199407759017683,0.19077795644055723,0.019206422446758877
180,1.2753782550689545e-06,0.00113181002595767,0.05158199310683812,0.30436276069458806,0.43147861184336017,0.19133638380935372,0.020107165141647173
181,7.701531482072107e-07,0.0010299585207056271,0.05249332030469242,0.3199109871353725,0.431307015752502,0.18086330197815947,0.014394646155419718
182,1.8009048980737863e-06,0.0010366931504241302,0.04865685557963094,0.29634783649715685,0.43756482553955967,0.20018526925808372,0.016206719070246726
183,1.0824724161808086e-06,0.0010826149536122573,0.051985699345165726,0.30708664069047825,0.4298342164215879,0.19256848458076564,0.017441261535973987
184,1.2610802351492068e-06,0.0010703566379995008,0.05182657929925136,0.31145681886379356,0.43497774858854144,0.1847286513356958,0.015938584194483237
185,1.133528888810483e-06,0.0010782138019735843,0.0509086606592477,0.3078459724944513,0.4331569109740852,0.1902341916465016,0.016774916894851794
186,8.045792391934203e-07,0.0011319317996173928,0.04892605609846786,0.29128105842255797,0.4339784512139412,0.20482815444538632,0.019853543440790176
187,8.159773809550655e-07,0.0010563625710000263,0.0488654545360086,0.29454864704528727,0.4378473948797392,0.20049202291075055,0.017189302079833532
188,8.244831528929613e-07,0.0010454814881011854,0.05182264799959082,0.314343383075145,0.43631132975571724,0.1813866144435608,0.01508971875473201
189,8.874410098671617e-07,0.0010013569765246742,0.04933225283039572,0.3045640825290026,0.4370049979460809,0.19288979704230522,0.015206625234681248
190,1.2168580356249348e-06,0.0011091267032801867,0.05194719520230524,0.3047501234692825,0.429373950400596,0.19308064670796324,0.019737740658537232
191,1.1222416804095616e-06,0.001056966204329941,0.050104185238357246,0.3006357385337716,0.43524217325732056,0.19494069226926014,0.018019122255280164
192,1.0911206521389657e-06,0.0010674603267440293,0.05096928515927042,0.30534118641253294,0.4317348585812998,0.19207224732264316,0.018813871076857596
193,1.5785677895062703e-06,0.001083225745431972,0.050376725266451046,0.3024851604467516,0.4325415844173809,0.19448439051407793,0.019027335042117052
194,8.067540480504276e-07,0.001043847801542813,0.049995004211307766,0.30056109600309305,0.43705422946658307,0.1956939958011683,0.01565101996225697
195,1.2692804918579234e-06,0.0010843078936202777,0.04911695602700781,0.2936533460115873,0.434506042765,0.20256172350038726,0.019076354521905405
196,8.039728607507769e-07,0.0011116863321507114,0.049648789604609236,0.295332645869085,0.4311916934562149,0.20050211284218336,0.022212267922896167
197,1.8292089184309616e-06,0.0011214555805318979,0.05054735908967415,0.2936912110196744,0.4294819011389306,0.20401233979809102,0.021143904164179578
198,1.0492985713764046e-06,0.0010943301202396825,0.05023074273397825,0.2990962303966918,0.4314748774788655,0.19737733828164458,0.020725431690008705
199,1.3529162874511654e-06,0.001136498739656886,0.052277159489244454,0.30560270507682463,0.4305831119368621,0.1909274658930929,0.019471705948031614
200,9.366731837776428e-07,0.001126499354922289,0.05157805707471082,0.3058786373157534,0.42946847269675265,0.19230142103169143,0.01964597585298559
201,1.2452543649774438e-06,0.0010689387734828522,0.05032015613878933,0.3036704733640806,0.4342455611711801,0.19327164335433386,0.017421981943768355
202,8.898147753477976e-07,0.0011171504430102968,0.051104794950423776,0.306072033626964,0.43182610349226486,0.1911527488844486,0.018726278788113053
203,1.5743232177322407e-06,0.0011580382804275197,0.05123546861414356,0.299375597451161,0.4284050107417301,0.19904090075739536,0.020783409831924653
204,9.340631771737883e-07,0.0010620006931721293,0.04930753798947416,0.29489591414254046,0.43500812027416175,0.20013260350206943,0.019592889335404914
205,1.7824776525255398e-06,0.0011121295210419731,0.05075497825809701,0.30155681566492526,0.4291181029777618,0.19646006114124875,0.020996129959272698
206,9.391180302503431e-07,0.0010353365045051213,0.047544947940152696,0.2903729082097235,0.43724696239813693,0.20492114476747306,0.01887776106197849
207,9.399833357838043e-07,0.0010481637988632784,0.048169189784139504,0.28989449421719954,0.43625564615990453,0.20722603967209094,0.01740552638446645
208,1.270529887103411e-06,0.0010337912338515794,0.04871556509028727,0.3004454849179261,0.43532396674179386,0.198677778316211,0.015802143170043154
209,1.0136345047131902e-06,0.0010856075424792242,0.05246785828601731,0.3154979226391568,0.4295405093570834,0.18633591698909158,0.0150711715516671
210,1.5807414309505557e-06,0.0009991557283152066,0.047635191633567615,0.2968123964988198,0.44302329105449256,0.1986591334305113,0.012869250912862647
211,1.1037862481388791e-06,0.0010579048755169876,0.0509449119169628,0.3088824821370149,0.4356492223758437,0.18861342956116842,0.014850945347244992
212,1.3250420481129939e-06,0.0011000285209075786,0.04994050056011036,0.2985286644200416,0.43329468089020057,0.19693426171875142,0.02020053884794042
213,7.906589121664842e-07,0.0010988299518676606,0.04936332219990268,0.29496000046237814,0.4320120759854725,0.20068270864779092,0.02188227209367606
214,6.898933050772083e-07,0.0010374083915534254,0.04999141848377041,0.30729565780469903,0.4331863770321092,0.1928519533756001,0.015636495018962703
215,7.174704230494583e-07,0.0011167212035363126,0.0520893140921536,0.30819728932348,0.4291372093651643,0.1917775864514342,0.017681162093808513
216,1.0706143775901157e-06,0.0011003343556517922,0.05127106188220607,0.30537387176730274,0.4334934816691304,0.19188355493969958,0.016876624771631765
217,6.882313197002156e-07,0.0010421629330894218,0.05252871500695841,0.3179021065518687,0.43232571606401926,0.18258823032662122,0.013612380886123288
218,1.3094245862155971e-06,0.00111695011760449,0.051327535352950114,0.30075892309160424,0.4310590104710654,0.19582190268817343,0.019914368854016058
219,6.471553260296294e-07,0.0010620335812986047,0.052618932598089425,0.3140064469968449,0.42990283021466696,0.1855106806991103,0.016898428754663755
220,1.117925656279417e-06,0.001070803452620757,0.04839535996139612,0.290359283682135,0.43131661872873617,0.2062819711426073,0.022574845106848405
221,1.169480822042237e-06,0.001098472352741515,0.05069496400113452,0.2989996603754834,0.4313034190594789,0.19642064238989365,0.021481672340446078
222,9.47489483876544e-07,0.0010374264078731909,0.049578970975409906,0.30332188122888926,0.4397370615830167,0.19224560065429028,0.014078111661036999
223,1.2477596292650937e-06,0.0010793188163451776,0.0499270032139984,0.2965507272868504,0.431816405273569,0.20303450837130285,0.017590789278304927
224,1.0474288659243456e-06,0.0010712611181033726,0.052374830676661766,0.3151927524785904,0.4327195489668927,0.18347926926658836,0.015161290064297587
225,1.437064900550748e-06,0.0011330584332870498,0.05108279075441908,0.2993924065007799,0.42861680175538636,0.1990180280284029,0.020755477462823926
226,6.331819962535951e-07,0.0010075971500724077,0.05365423224746442,0.3280024170291976,0.4330598843291074,0.1726231809798173,0.01165205508234442
227,1.8343676323183004e-06,0.0010664180931140351,0.0479783988084048,0.2892355661312412,0.4360782014989539,0.2048677245713384,0.020771856529315524
228,8.617988139733863e-07,0.0010621854003816926,0.051063723185213725,0.30269699037943615,0.43160666336401204,0.19441105609889273,0.019158519773249633
229,4.804117032365391e-07,0.0010271446809910095,0.053973705395680666,0.3289079696779116,0.4314983509947194,0.17304379269288908,0.011548556146105197
230,9.886822290147405e-07,0.0011104065308294177,0.05053578134973995,0.29637062030821476,0.43282049079860446,0.2000240528054436,0.01913765952493881
231,1.7592640147160528e-06,0.0010340668328156961,0.04862459337383079,0.2919045990633147,0.43737715133264216,0.20383741920967696,0.01722041092370499
232,1.2274916460278622e-06,0.0010358509331219602,0.049829910352328866,0.3011529109631251,0.4344195737445226,0.19849186130479451,0.015068665210460873
233,1.079245245410983e-06,0.0011018427161433985,0.05009216615986607,0.29908034558208924,0.4321904472255301,0.1991776786588976,0.01835644041222822
234,1.0761164864874093e-06,0.001068256354671937,0.04909764735693269,0.29654780493980953,0.4368013514453301,0.19792197813495258,0.01856188565181661
235,1.1522224931135235e-06,0.0010173703660566842,0.04740581479104545,0.29042860322806274,0.4388499344891205,0.20525760602840912,0.017039518874812327
236,1.342949382334374e-06,0.001101239549254188,0.050560462782584366,0.3000055914501435,0.4361431590459683,0.19562485856831108,0.016563345654356257
237,1.3216003537058223e-06,0.001102780883562247,0.05088359252887209,0.30075993736960427,0.43209423045913,0.19648963237944345,0.01866850477903428
238,1.1061539449865963e-06,0.001058040555609622,0.05006919793100375,0.30275453762520016,0.4365292834218835,0.19251805532494912,0.017069778987408912
239,8.747662461284165e-07,0.0010054004904461438,0.05037402279026992,0.3120004357513912,0.4385017297503918,0.18500701194073826,0.01311052451051663
240,1.2174537246332245e-06,0.0010364738797611574,0.04991314811230255,0.3031558749588295,0.43511640833959,0.19398596621839248,0.016790911037399502
241,1.378868982027503e-06,0.001036709889092705,0.04872370381606495,0.29705710842499,0.4386024023083247,0.19912382169991155,0.015454874992634237
242,9.544979191521736e-07,0.0010321611599660454,0.05072596219019843,0.3097121924761764,0.4343855776847441,0.18943524879700405,0.014707903193991873
243,1.1914964837219116e-06,0.0010660018453949886,0.04932561455602257,0.29914503648155033,0.4365910708982501,0.19791570980219542,0.015955374920102794
244,1.5247334704497108e-06,0.001032273089214134,0.049462925274232336,0.3036664904749958,0.4356276836690147,0.1949756273277213,0.015233475431351338
245,2.139810490821488e-06,0.0010784303640041844,0.04874876110256661,0.29352501850151225,0.43422530040154167,0.20447234068950298,0.017948009130381422
246,9.467197327645025e-07,0.000991822026179603,0.04972525787526934,0.30995718016355817,0.43783204327383407,0.1896076128541448,0.011885137087281204
247,8.320940853969715e-07,0.0011124360569646525,0.050795225911209635,0.30089505773469477,0.4315758737744549,0.19410472121863082,0.021515853209959926
248,1.3378314869180929e-06,0.0011092297682929627,0.04983702442185376,0.29744904465343364,0.4263854714305922,0.20369598920769855,0.021521902686642124
249,8.909914025574331e-07,0.001020520632691534,0.048711481401611446,0.29602140268730465,0.43494663657864585,0.20017254599946407,0.019126521708879827
250,1.0174426193315163e-06,0.0010569108788724758,0.050708065902290066,0.30449241450008246,0.4347114804687635,0.1933594608418605,0.015670649965511645
251,9.219104518214363e-07,0.0010832088475693452,0.04912759345583935,0.29522758438985236,0.4350803819318352,0.2002378052331137,0.019242504231338275
252,1.174946698602194e-06,0.0010586150486717313,0.04998361734645816,0.30072680001700136,0.43706560492547053,0.19517536458484366,0.015988823130856016
253,1.0087715280441347e-06,0.001018878605521263,0.049390848057423,0.3013110255350532,0.436754026113654,0.19543279555784368,0.016091417358976845
254,1.0885611904531134e-06,0.001088696735261101,0.05179628357014944,0.3123714912851801,0.4344918165509943,0.1833623844097548,0.016888238887469795
255,1.0117556817466388e-06,0.0010666479369712796,0.05031344067549325,0.29948914418847655,0.4336353806265914,0.19575697080418555,0.019737404012600213
256,7.663063182254707e-07,0.0010488996227287386,0.0483200369435167,0.29414464523582906,0.4372617683217112,0.20251888605052532,0.016704997519370622
257,1.0345379831481279e-06,0.0010837363020977356,0.05231048837326379,0.31311406237871503,0.42995204139157656,0.18530238283908923,0.01823625417727453
258,8.346355024345522e-07,0.001079016162750536,0.0502054878013469,0.30461535740463674,0.4348786620291306,0.1921121559325067,0.017108486034125858
259,1.7230942066941194e-06,0.00105779380750358,0.05011514432894044,0.30270194254671196,0.43508972150464953,0.194578770105972,0.016454904612016118
260,1.4872462969482184e-06,0.0010424961673559815,0.047546691182744565,0.28860508098027177,0.4382079345076918,0.20866841362660335,0.01592789628903551
261,2.0059776428206643e-06,0.0011194721146306596,0.05178070286006147,0.30421919000077136,0.430669684078398,0.19217129534586608,0.02003764962262954
262,1.593766043715343e-06,0.0010068713938519748,0.04580562216582669,0.2816284757372934,0.4405636096901941,0.21333634042872077,0.017657486818069282
263,1.400702594404788e-06,0.00111762916083259,0.05011639680583473,0.2956647599375616,0.43360687435131445,0.20081217040288987,0.018680768638972396
264,8.823163223135949e-07,0.0010376191220132305,0.05283785386822161,0.32023149969354664,0.43258496010863634,0.17976585424731428,0.013541330643945465
265,1.0921908181665672e-06,0.0010887924493260034,0.05201319083426183,0.3095933708962376,0.4325857773572625,0.186722489464192,0.017995286807901915
266,9.03588688242511e-07,0.0010333741154543612,0.051908048607173574,0.31569588018127603,0.43380900203997724,0.18235281932868777,0.01519997213874266
267,1.2227877224398728e-06,0.0010851228944699254,0.04939776836574656,0.29610238974787767,0.4341948186505193,0.20054046796009575,0.018678209593568192
268,1.544642304202106e-06,0.001068694917024545,0.0509898150675707,0.3071727838352934,0.4344656728776077,0.19218280625054074,0.014118682409658894
269,1.6985221272733937e-06,0.001130309848418318,0.051261411256167184,0.3036349526337781,0.43367749652658055,0.19260183141929582,0.017692299793632772
270,9.89320513381831e-07,0.0010676986622090113,0.049480223025312,0.29429344268096097,0.4311740811503842,0.2025690187039121,0.021414546456708396
271,8.854213008726615e-07,0.001057348881005806,0.05016748772368758,0.3016425925138888,0.4338581960124074,0.19632610902652248,0.016947380421186948
272,1.6811715466367793e-06,0.0010507317385292545,0.04932350151934398,0.2971441603645527,0.43385442510682115,0.2016786268194611,0.016946873279744916
273,1.3676566223843633e-06,0.001092067131351002,0.04945766921255278,0.29339735410749,0.4338449487086103,0.20076096775569616,0.021445625427677407
274,1.5057805845698396e-06,0.001109502409154294,0.05114675235482506,0.301979320640386,0.4303144528674959,0.19649686502892746,0.018951600918626597
275,1.235121990918106e-06,0.0011071735930296733,0.05074096865175365,0.30147558800929175,0.43375320238007314,0.19504476365408896,0.017877068589771866
276,1.0238127900489704e-06,0.001002414521859433,0.05112854248848862,0.31472400645719706,0.43486440380657226,0.1867034199312544,0.011576188981838114
277,1.2051533719708182e-06,0.0010767063129900629,0.05169351716452912,0.30852759497641596,0.43247303927324465,0.18924477878395085,0.01698315833549743
278,1.2993766400885687e-06,0.0010602734205959826,0.04912719611356263,0.2950356941793132,0.4338805929076172,0.20231275392315343,0.018582190079117402
279,9.90578465181899e-07,0.001037828974743566,0.04811022367383736,0.29422023366601113,0.4377456122299473,0.20344834089937813,0.015436769977617299
280,1.3914805135186066e-06,0.0010843373877537012,0.05101064849228464,0.30179000147789237,0.4330193520180275,0.19465337904281732,0.018440890100710983
281,1.5384015728537113e-06,0.0011137267041817717,0.050437942097347116,0.30107963543506094,0.4326326542484382,0.19563070950639905,0.01910379360700014
282,1.5405153652513257e-06,0.0011062775279753773,0.050329639868626944,0.29675581938101075,0.43081835822395625,0.20208670321646363,0.01890166126660188
283,8.013591640252919e-07,0.0009965986526636033,0.05063332137928832,0.3092182958426723,0.4376926253497838,0.18726944663209494,0.0141889107843329
284,7.978985753208364e-07,0.0010060893750573068,0.049350719658861446,0.3045867555360129,0.43651683811941083,0.19380659247495427,0.01473220693712796
285,1.4082261476793702e-06,0.0011154441609314547,0.04963919557461732,0.2941094038955886,0.4320130591886428,0.20164632145880737,0.021475167495264753
286,2.0385665693208608e-06,0.0010767350567231068,0.04982035638429331,0.2982475252479631,0.43423160273180594,0.19863455116419929,0.0179871908484459
287,1.4525570226060428e-06,0.0011181830097592633,0.051158680798756025,0.300786888728052,0.4293054576142311,0.1957841266243725,0.021845210667806515
288,1.1840546862445771e-06,0.0010334476580672633,0.04860269173826987,0.2967267560286182,0.4406178085153801,0.198255507966694,0.014762604038284338
289,1.5445945611175917e-06,0.0011258044309199358,0.0508305304472538,0.3017139921289718,0.4328062510814683,0.19540105893844895,0.01812081837837607
290,1.293162985035637e-06,0.0010983206961114817,0.05102653520642045,0.3007602850790449,0.4287406790906633,0.19797932250376987,0.02039356426100498
291,8.97971420827883e-07,0.0010870448671810903,0.05018044881160342,0.2991131290857241,0.43206445846166763,0.19880089715396088,0.018753123648442085
292,1.191746855598957e-06,0.0010866272001765803,0.049017650108260556,0.2935685984731697,0.43604744845982235,0.20141605238155644,0.018862431630158674
293,1.1310159432372427e-06,0.00111119793614825,0.050467807730742345,0.2998644703599499,0.4301470941750948,0.19779802253719225,0.020610276244929306
294,1.8888632744923737e-06,0.0011015627353833067,0.048997530547564026,0.29379298347482347,0.4339885916264363,0.20299388967923845,0.01912355307327986
295,1.5234829076001148e-06,0.0011055521440861053,0.05062425747069873,0.29576275402032054,0.4303514854615203,0.1992877102267035,0.02286671719376322
296,1.6015436998213444e-06,0.001135596255500761,0.050251531055237386,0.2922319162522688,0.42726472648335256,0.20790618013919282,0.021208448270747717
297,1.1442263972735996e-06,0.0011014073616554504,0.051076895646295674,0.3027327902328639,0.4301255921930588,0.1933255481722567,0.02163662216747218
298,1.1178203814416706e-06,0.0010370793894646313,0.04948139258983569,0.2979696924413382,0.43244842379618703,0.20057064097481972,0.018491652987973176
299,1.0313592959216837e-06,0.0010817577260679877,0.05200102130446597,0.3134696636056853,0.42914577064474463,0.18820468248858624,0.01609607287115406
300,1.8590347282317428e-06,0.0010840159677675187,0.050281720874285576,0.30018799117079975,0.4369452072980826,0.19537921660752072,0.016119989046815546
301,9.730840688057963e-07,0.0010564382206835255,0.04839667312428944,0.2919683320461607,0.43436910925944505,0.20422603014068738,0.01998244412466516
302,1.2760189777433998e-06,0.0010522102197074294,0.051737656283558336,0.31311792366914215,0.4340403203514457,0.1860923664362827,0.013958247020885927
303,1.90738305040627e-06,0.0011160719823576602,0.05074337952139403,0.2932648817028013,0.4296982835060087,0.20200662059172678,0.02316885531266112
304,2.3652144112832403e-06,0.0010910058366777739,0.049984605402085804,0.2980970049098801,0.432199705170304,0.19933251909976676,0.019292794366874207
305,1.2298984547675603e-06,0.001091389401023976,0.05186231998972234,0.30981955416240914,0.4286394686793154,0.19187298585245172,0.01671305201662248
306,1.5866520807400008e-06,0.0011207851349474694,0.05091474370008859,0.2980955305209035,0.4330712994425097,0.19797137268383816,0.01882468186563183
307,9.950226371751603e-07,0.0010457655272607938,0.05109907786335666,0.30670442044914614,0.43295996346689103,0.19040112167066703,0.01778865600004105
308,1.0731019384258231e-06,0.0010429512641588177,0.050171172260725774,0.3017055510360522,0.43355078282388104,0.19550005842573706,0.0180284110875067
309,8.649505655115601e-07,0.0010019760730752027,0.052605163187729995,0.32167850020590927,0.4377753793431552,0.1763876815153826,0.010550434724182328
310,1.3034928334376177e-06,0.0010223494410760217,0.04866346750509887,0.30139597130730333,0.43710058526243595,0.19560529540155214,0.01621102758970031
311,7.143103132847016e-07,0.001068622403518539,0.05157661473007668,0.31353115000050225,0.43453882832593504,0.18352870350021047,0.01575536672944365
312,1.1764639948312005e-06,0.0010769809557969686,0.04950430898152148,0.29570095929255863,0.43530330065335054,0.20051790057782143,0.017895373074956113
313,1.447438400228927e-06,0.0011287024463566826,0.05119528651268839,0.3013340744542848,0.43371224617153536,0.19344634104805103,0.01918190192868339
314,1.2629427503932487e-06,0.0011281710209038768,0.0512529298056422,0.3036496048266665,0.4319123274631234,0.19370097916290516,0.018354724778008383
315,1.1991469877860088e-06,0.0010739139490428921,0.04893675297896279,0.29315790123522345,0.43383981919443904,0.20363039796537927,0.019360015529964632
316,9.702760345453896e-07,0.0009993299645493217,0.05254083594179977,0.3201414020797915,0.43401931652511694,0.17897215479000397,0.013325990422703896
317,1.3926445628903914e-06,0.001068959860189461,0.04806615110720229,0.28978947493351326,0.4357504463574534,0.2070701212695763,0.01825345382750241
318,1.1024771580281488e-06,0.0010474634244058238,0.05061283833942263,0.30307842636665566,0.43604940038024165,0.19199416151388335,0.017216607498233012
319,1.0947155602706787e-06,0.0010730630310545124,0.05058858835006395,0.2990570053382233,0.432039623547477,0.1982569435782288,0.01898368143939219
320,1.2399468996974928e-06,0.0010675387832075635,0.04829016784124803,0.2921550239199885,0.4357739168685872,0.2031944915439817,0.019517621096087436
321,1.1777077208614785e-06,0.0010698005229692526,0.04990240027574889,0.30029994669348364,0.43712169341526075,0.19603296020683547,0.015572021177981043
322,9.493144539040013e-07,0.0011022523982812953,0.050382873026610715,0.30113015431219137,0.4315636332145956,0.1966156946881948,0.019204443045672332
323,1.8782299711656888e-06,0.001099945894525716,0.049555575210528835,0.2949126589202692,0.43252576446136953,0.2001684823788648,0.02173569490447071
324,1.4865251081148794e-06,0.0010893516366953352,0.05047696821042353,0.30063335409830244,0.433569004771261,0.19637090702318546,0.01785892773502412
325,1.184740990484056e-06,0.0011302968178701703,0.05066553532701231,0.2999481727852259,0.4319621134959076,0.1969627353170692,0.01932996151592428
326,1.3659982331802526e-06,0.0010295359833153864,0.04934720608348362,0.2990228499515148,0.43759074677583004,0.19831698266320189,0.014691312544421164
327,1.17579524782534e-06,0.0011075436088186057,0.052090073233051336,0.3056452778609786,0.4306761054328356,0.19246204280211712,0.018017781266950778
328,1.0661895480619285e-06,0.0010688221302210378,0.050699482888069455,0.3022839409426918,0.43286652080750504,0.19417017401738734,0.018909993024577187
329,1.7201436036415497e-06,0.001092544754668504,0.049842851731364386,0.29547626177955305,0.43132537012131894,0.20004098012831076,0.02222027134118065
330,1.063339500418739e-06,0.0010418309588169467,0.051920532462954486,0.31397223809010527,0.4373802885763144,0.182976830361631,0.01270721621067749
331,1.021318290737462e-06,0.0010595353678651822,0.04927010206061755,0.29676377742079074,0.43544923204947933,0.19948374310385567,0.017972588679100822
332,1.0757295551894994e-06,0.0010617675968111408,0.04823309448896996,0.2913361952846415,0.43598265349861604,0.20546302872205008,0.017922184679355933
333,1.0549498915136468e-06,0.0010387486265518878,0.04937183070832117,0.299251849914683,0.43705951600123844,0.19702278868404655,0.016254211115267585
334,1.139566759332984e-06,0.0010104250160519184,0.050491247734343284,0.31329491095556383,0.43715529868852004,0.18399335581088258,0.014053622227879037
335,1.3413172693286783e-06,0.0010258359406778922,0.0467339326703021,0.2871402225177313,0.4392123626077808,0.2075087192914738,0.01837758565476496
336,9.35872496165945e-07,0.0010601671922509785,0.05089039261857488,0.3074214031442957,0.43238675193687925,0.19179091768277332,0.016449431552729647
337,1.1560957373936828e-06,0.0010517629816808715,0.05072687209935262,0.3081327597562446,0.43608979917097723,0.18880840112174055,0.015189248774266995
338,8.33278784147855e-07,0.0011087090568091015,0.05051068518841332,0.3034999899707291,0.43134398887466546,0.19307483556991817,0.02046095806068082
339,1.0783383384786643e-06,0.0010583078159369372,0.04922340542991621,0.29781291671527893,0.43461324200552864,0.19909415001125583,0.01819689968374506
340,9.555395402121105e-07,0.0010909567469726187,0.05066926909266787,0.3032753987098036,0.43281916208567406,0.19450941390598414,0.017634843919357594
341,1.1005235066843895e-06,0.0010863831019683444,0.051078548839530794,0.30532057808891794,0.4337944591933241,0.19156332169755735,0.017155608555194782
342,6.356091642738282e-07,0.0010007481814403511,0.0514923713182475,0.3168164069294616,0.4353139497986655,0.1835694573970287,0.01180643076599215
343,1.8961475518976772e-06,0.0010942471468213433,0.05043302391135755,0.30056784550425975,0.43273978994906404,0.19629488106915982,0.01886831627178579
344,1.0799035052582347e-06,0.0010327914923002914,0.050092031114036484,0.3069575800738786,0.43553173044610033,0.19050422650054946,0.0158805604696295
345,1.6222342678021135e-06,0.0010599120752363374,0.048691274231495926,0.29404962609380586,0.435703262658781,0.20303904419881239,0.01745525850760065
346,1.154954382386892e-06,0.0010571075569272164,0.04964341675938444,0.3001519877690792,0.4362094134667751,0.1952301382021194,0.017706781291332265
347,8.475705045195874e-07,0.0010097886163469366,0.04944914760468257,0.30152194939611715,0.4354889975046423,0.1966945344563742,0.015834734851332334
348,2.1070334951368923e-06,0.0011728145576637478,0.049596621589002625,0.28893285083753745,0.42811070309145427,0.2079766963357418,0.024208206555104944
349,1.3505016901906398e-06,0.0010026860247932714,0.049251717077750584,0.3038254008977562,0.4386412070892594,0.19337045957942428,0.013907178829326312
350,1.1265489927325935e-06,0.0010997733257855787,0.05161074158125544,0.30722733494288385,0.4305120956557843,0.19068112023218167,0.018867807713116434
351,1.054911614128951e-06,0.0010454501852317612,0.05094018028921413,0.3093498016217406,0.4374244323382883,0.18783669667512157,0.013402383978789442
352,1.3811357313216929e-06,0.0010556630165257132,0.048444748176472985,0.29324531648525815,0.4371956668780362,0.20237347215484053,0.017683752153135158
353,1.376499755467913e-06,0.0011306896743279332,0.05096105916152446,0.29600933498030807,0.4284123974009539,0.20160459732912453,0.021880544954005446
354,1.0584594485341135e-06,0.001058680337718223,0.050740874784134735,0.30706186724670176,0.43366787208949253,0.1922249968451636,0.01524465023734055
355,1.5808666561727722e-06,0.0010571134936882517,0.0508363207718055,0.30339220443798187,0.4336153300895205,0.19355874668123746,0.017538703659110255
356,9.451812634831476e-07,0.0010478543375294182,0.05179162101239393,0.313527121835691,0.4346915868491972,0.18305703559558614,0.015883835188338805
357,1.2868945205365498e-06,0.001138316870826032,0.04978473496743051,0.29344167818668687,0.4311555568838907,0.2034146386290899,0.021063787567555517
358,7.687782953586915e-07,0.0010353020359561938,0.05019475619890172,0.3082088005387939,0.43706161710516955,0.18874622914311256,0.014752526199770735
359,1.3239644936751966e-06,0.0010702118089363874,0.04853700808059373,0.29367460133282064,0.43662393748807504,0.20364003590793056,0.01645288141714995
360,9.064748217032487e-07,0.0011001870429654564,0.05068536211566572,0.29996473063429124,0.43179842205230123,0.19630404982046346,0.02014634185949123
361,9.67797089468027e-07,0.0010608296346103934,0.049024408054770686,0.2978811290554973,0.43791441430401823,0.19853141421730613,0.015586836936707654
362,1.1108903747556017e-06,0.0010608564182428238,0.04929670164555382,0.2960005788475018,0.4355773279904729,0.19981457053199883,0.018248853675855065
363,1.2422338043815212e-06,0.0011039052266714766,0.05151945982901227,0.3063679990403452,0.43127580087287887,0.1912303462656581,0.018501246531629635
364,1.186777079049977e-06,0.0010992690519516658,0.04991198412864168,0.29609555130877424,0.43225596730173876,0.20145955844416347,0.019176482987651226
365,1.422348002298852e-06,0.0011032194468515249,0.05141802575407971,0.3038987985882281,0.4312256481299843,0.19245699600611757,0.01989588972673648
366,7.936908433466936e-07,0.0010158663981391309,0.051591072636023236,0.3170427620127289,0.43508709383203975,0.18341696332532856,0.011845448104897082
367,8.683368022644433e-07,0.0010273894394557106,0.04894832910834467,0.29997660828205425,0.43867215514350777,0.19421119857528824,0.017163451114547083
368,1.9394262278280158e-06,0.0011040064419299154,0.04909725773669964,0.2908307832223445,0.4329497568379778,0.20571917839265266,0.020297077942167438
369,1.6746917827121117e-06,0.0010511683711442491,0.05074097181458406,0.3077743323920671,0.436412275378082,0.18939570889671173,0.01462386845562822
370,5.591007598422981e-07,0.0010175934310081897,0.05208327981869138,0.32032557006917584,0.43402634287789754,0.18099164300051104,0.011555011701955982
371,7.94328016679564e-07,0.0010664389054362011,0.04973099227519433,0.30293897939073217,0.43327684084599394,0.1953460419974946,0.017639912257132077
372,6.869809572902941e-07,0.0010274049473337752,0.04943618648737973,0.30214664283703335,0.43577540427331857,0.19604374572222313,0.015569928751754144
373,1.0914471409693398e-06,0.0010657980759362056,0.049808020222733174,0.2989243996878362,0.43375853735711767,0.19754152510385792,0.018900628105377768
374,1.5015640611845603e-06,0.0011388960089502437,0.05066141891459339,0.2967300442221655,0.4317244103321188,0.19877946211128497,0.020964266846825827
375,8.823291262761023e-07,0.001082370162027944,0.05004037819135774,0.3031944262092526,0.431271601291603,0.19601989823932275,0.018390443577309682
376,7.993730065876533e-07,0.0010411392395457016,0.049823654731941364,0.29920084086786264,0.434297602012083,0.19930272589806974,0.01633323787749089
377,1.3439986220242006e-06,0.0011069870283144537,0.05115346632552597,0.2997339891982742,0.4266744990086804,0.19716263633750744,0.024167078103075647
378,1.0686874263772348e-06,0.0010829353957696709,0.050992842467519894,0.307467843379273,0.4341321715279923,0.18878001570860747,0.017543122833411237
379,1.2740761929036506e-06,0.001054736796633539,0.049504804997573724,0.3004739403170806,0.4363334114430163,0.19710442064224756,0.015527411727255313
380,1.3572003488413636e-06,0.0010581038345897375,0.050351883408314195,0.3020964084512124,0.4338579499853106,0.195525097842353,0.017109199277871162
381,1.8387214803702432e-06,0.0011125692026036622,0.05041498044151126,0.29457925898294257,0.4310963012146782,0.2018600083687076,0.02093504306807636
382,1.2877429058488222e-06,0.0010823548460577,0.05019618070077,0.30109046919375027,0.4316007390313666,0.19697941319895407,0.019049555286195438
383,6.517623311057419e-07,0.0010576177608258425,0.05178029804549117,0.3161719357526349,0.43501294169608706,0.18308548999129373,0.012891064991336128
384,1.5043151177422872e-06,0.0010339351350423544,0.04751899577402655,0.28801365112551647,0.4395960512188221,0.20713875173885274,0.01669711069262187
385,1.250929732399896e-06,0.001107148861336783,0.049253006099486636,0.2933355554955706,0.43216726668488215,0.2018201856812199,0.022315586247771524
386,9.899237309082895e-07,0.0010736935613032727,0.050356401491931164,0.3010822348143726,0.43426382412343156,0.19480120631633455,0.018421649768895893
387,8.996597366211914e-07,0.0010926172060147714,0.04984827420339358,0.29636558946525504,0.4363894906602658,0.19851196897902026,0.01779115982631394
388,1.0567827603936335e-06,0.0011110895498044197,0.05121392402375274,0.29948020055382263,0.4310552703035501,0.19729338851643372,0.01984507026987593
389,1.3317800290591506e-06,0.0010144832091464908,0.04920856989704441,0.3005653793810459,0.4392162802611945,0.1934645143415247,0.016529441130014786
390,1.1483332095387815e-06,0.001116516736564311,0.05044938891830081,0.2987386486211004,0.4300785903960506,0.19885257234591128,0.02076313464886292
391,1.3477135034150906e-06,0.0010323302645143153,0.04786781600982732,0.2904771399684068,0.43600562188359615,0.203872029938572,0.020743714221580042
392,1.2256767288547204e-06,0.0010972094570873524,0.04966855686912614,0.2949867340841005,0.4337599817056451,0.19900471629238575,0.021481575914926228
393,1.2573224792146262e-06,0.00109360010840659,0.05072338763348914,0.2997894550252928,0.431790837811279,0.1980990145782965,0.018502447520756686
394,1.2130017345806502e-06,0.001001486936216391,0.05029117927556823,0.3110062355405369,0.4363117174135056,0.18964765489992108,0.011740512932517114
395,1.19950631719217e-06,0.0010337812189539534,0.047565564804941306,0.29244541176453404,0.43755790123820776,0.20571320334082271,0.015682938126222967
396,9.314051957231581e-07,0.0010834608324019454,0.05137085398170542,0.3050808476702679,0.4348885168357613,0.19053821009992628,0.017037179174741495
397,1.364107020103743e-06,0.001122042724919219,0.049829489185573714,0.29530540686561935,0.4315919395380982,0.19925196654969132,0.02289779102907816
398,7.448216035685338e-07,0.00102248172378163,0.052090124471453225,0.31928593519720144,0.43411358089508173,0.18138965857860856,0.012097474312269948
399,9.566089298396995e-07,0.0010357969212436795,0.051996649046987475,0.3152933766162662,0.43432532708229526,0.18394425880419094,0.013403634920086475
400,1.172726826162952e-06,0.0010916285060907924,0.048527584004804114,0.2901206515119021,0.43521681057812556,0.20615995973631795,0.018882192935933254
401,1.0039773450881729e-06,0.001051535666885621,0.049468889350326534,0.29967958192592814,0.4350269035010535,0.19845878544975126,0.016313300128709886
402,8.085160642570733e-07,0.0010260852332834379,0.05319460824085105,0.3253354465938809,0.43409185131089917,0.17448783025733908,0.011863369847682204
403,1.5342064032553932e-06,0.0010874625135644366,0.049284555311832005,0.2937150917165977,0.4356477749148542,0.20243768513946453,0.01782589619728387
404,1.0266517276168396e-06,0.0010588846585006567,0.049782136638588825,0.29979179097239317,0.4353716614552379,0.1973715536663837,0.016622945957168133
405,8.266597402420727e-07,0.001002487700419174,0.05187611141714115,0.31964201750645743,0.43608809347358757,0.18046470650029237,0.010925756742362052
406,1.5764675449422692e-06,0.0011144760931227975,0.050855048129999116,0.3017185422525613,0.43012455766577434,0.19683642124763404,0.0193493781433635
407,1.1363419058108556e-06,0.0010658284429607512,0.04961300636157619,0.300132186710601,0.4348184233165785,0.19808981050723432,0.01627960831914358
408,1.0588094465772806e-06,0.0010932161958172764,0.0508212266094501,0.3009559110222906,0.43253494393920616,0.19474887605679497,0.019844767366994354
409,1.7848912846448106e-06,0.0009906620384612537,0.04468573304961564,0.2782792573093421,0.4398946098468909,0.21793909647707538,0.018208856387330045
410,7.982630575407373e-07,0.000998316724007048,0.05221796583944453,0.32006478780692227,0.43455986866319707,0.18076110537165882,0.011397157331712567
411,1.7757924666522967e-06,0.0010581740278322318,0.0476800806023524,0.2865369049325707,0.43473333492158295,0.20796359789392166,0.022026131829273307
412,1.3911308932373796e-06,0.0010886957974587774,0.04881373751241996,0.293527541259796,0.43447550222806164,0.20339146233676209,0.018701669734608364
413,7.944380365789852e-07,0.0010303894984247045,0.0491483226871294,0.30018031576471954,0.43679563938016497,0.19585727825457505,0.01698725997694976
414,1.4572716559741766e-06,0.0010490970216634047,0.04631527146257121,0.28409434490171764,0.4399836114426296,0.21071149410704051,0.01784472379272181
415,1.912658651524948e-06,0.0011446141032461971,0.05161314661042609,0.2988418804235767,0.42988460635797215,0.19670245271955136,0.02181138712657598
416,1.0737038858568236e-06,0.0010616098823298353,0.05144490734519818,0.3082712158039308,0.4352020065283206,0.18857125064787975,0.01544793608845504
417,1.0614418046888385e-06,0.00098512619395199,0.05185849239386589,0.3182988835172289,0.43682385350506975,0.18108599165457442,0.010946591293504311
418,1.3469564772607788e-06,0.0011114128962887617,0.049341211486379606,0.2928485460294036,0.4316801268496589,0.2040214483094837,0.020995907472308076
419,1.4745221455204607e-06,0.0010868575015039832,0.05057939959292892,0.30123059120752077,0.43184980086116787,0.1958605859596203,0.019391290355112542
420,5.964431780678357e-07,0.0010481237592696766,0.05037264561221519,0.3044594148765979,0.43756552913537167,0.1906184067005209,0.01593528347284662
421,9.047203003512659e-07,0.0011076811935640278,0.051477927824496214,0.304948328643953,0.4332959432864446,0.19196547137265713,0.017203742958584685
422,1.5932454176160676e-06,0.001054273699245665,0.04777785742647039,0.28815964242335884,0.4381727693376406,0.2065279539384131,0.018305909929453697
423,9.507427067414612e-07,0.0010533596000207174,0.05023466864403449,0.30536986643658265,0.43480590833817706,0.19334444958741934,0.015190796651059081
424,1.3094230602767237e-06,0.0010321566404779463,0.05052296860023689,0.3056202616795609,0.4374038033783238,0.19050566658925583,0.014913833689084322
425,9.054954768231902e-07,0.00110267133334722,0.05089003190924518,0.30160239735758043,0.4327407961707714,0.19431839871144238,0.019344799022136604
426,1.3397696144524219e-06,0.0011020819385631376,0.050673211695852975,0.29954356255400394,0.43344704178492793,0.1961310539783529,0.019101708278684612
427,1.5779509688595176e-06,0.0010749304061669544,0.04954310604169386,0.2962427828979459,0.4338111372290164,0.20057234093067933,0.01875412454352873
428,8.535536906167698e-07,0.0010343648814253288,0.0466528184854162,0.28540322882942126,0.43940524779522655,0.2104442808718591,0.01705920558296107
429,2.289933073746153e-06,0.0010591381839864511,0.04692952981026465,0.2858978129355675,0.4403049997810949,0.2093292027767984,0.016477026579214307
430,1.4494955625315774e-06,0.001065699427609826,0.049701417674455045,0.29754181905509247,0.43341156760616856,0.19985357113642993,0.018424475604681585
431,1.1648938024290792e-06,0.0010445685089976522,0.04776260605807039,0.29282138984560535,0.43703192332722013,0.20323582474092888,0.01810252262537526
432,8.0856214689428e-07,0.0010972664501202837,0.04821936577983341,0.2888791769927151,0.43131778675811433,0.20856025882371035,0.021925336633359667
433,1.2178544897098183e-06,0.0010515093265881313,0.048803178526915576,0.296363461257636,0.43445809138084374,0.20143039229942172,0.017892149354105047
434,1.7772558790906482e-06,0.001081730991894837,0.05085340741092613,0.30244825989827695,0.43148168700298145,0.19467956539192047,0.01945357204812101
435,1.2140687568063835e-06,0.0010762496775580826,0.05068364345279337,0.3034320427557629,0.4336748298706111,0.19330412424962198,0.017827895924895816
436,1.1967773431189611e-06,0.001064084083422881,0.05051136006275997,0.30335549000629475,0.43298385473269924,0.19357878174067608,0.01850523259680387
437,8.498604961803126e-07,0.001060046520583885,0.05042144992830596,0.30646364179736263,0.43624390782529415,0.19052842218449784,0.01528168188345936
438,1.2161983374257752e-06,0.001135148727295856,0.05135136557068786,0.3060958768331996,0.43162932257451836,0.19202589106548487,0.017761179030476165
439,1.294123197485555e-06,0.0010594952336940027,0.05062011104067033,0.30373567068758356,0.4327828447028324,0.193789920644258,0.018010663567764137
440,1.2388513314068573e-06,0.0011431298163916976,0.051072783831408265,0.2979759799917503,0.42837011843416556,0.2006728843044202,0.02076386477053255
441,9.73892107453838e-07,0.0010563955671746728,0.04951816761060609,0.2989169870463594,0.43496700408042815,0.19850247146770306,0.01703800033562096
442,1.0759555143916735e-06,0.001082560953068527,0.05092635636004021,0.3044092733163575,0.42892610673386894,0.19414989928932744,0.020504727391822953
443,1.4662691107520081e-06,0.00107221198840202,0.049023127872400894,0.293192090107766,0.4343488013921866,0.20302662131274177,0.019335681057391828
444,9.17475319931261e-07,0.0010992069048083096,0.04977170192380468,0.2962086799680649,0.434106021690908,0.20013822473686593,0.018675247300228334
445,1.410746260920644e-06,0.0011253535064468074,0.05178483102096018,0.30677417597217216,0.43227482198694456,0.19047013662352527,0.01756927014369014
446,1.0325403104904113e-06,0.001063356362731222,0.05030925885970996,0.30339227806364727,0.43476580241559026,0.19400831898176277,0.01645995277624803
447,1.0734898730204222e-06,0.0010132918535456104,0.04926649105820775,0.302683420041595,0.4367734148834474,0.19660857488890882,0.013653733784422377
448,1.491763263810961e-06,0.0010874425200746091,0.05093636683759166,0.30425349678054775,0.4316241001580302,0.19412462260827437,0.017972479332217666
449,1.4360023068130197e-06,0.0010872162894322818,0.050248077168172464,0.30046361648050585,0.43403739675951414,0.19685132028738964,0.017310937012678895
450,1.1421891217015968e-06,0.0011342377533625817,0.051561107636135764,0.3012624177344497,0.42808076358690655,0.19649843625165003,0.021461894848373575
451,1.0607240770288136e-06,0.001029108831675016,0.05267223492745029,0.32027645507149755,0.4347141227346454,0.17892097883148111,0.012386038879173725
452,9.974796784153972e-07,0.0010822448640617711,0.051181336078683394,0.30254632103919965,0.43193289405233637,0.19365594233914926,0.019600264146891144
453,1.4460686746233742e-06,0.0011140798352042298,0.05106303298446742,0.30094101507598964,0.4300873723490456,0.19781051080677878,0.01898254287983974
454,8.529961954815735e-07,0.0010644294870715242,0.050784371957382196,0.3073762533083383,0.43370406462495437,0.18977211133446314,0.0172979162915951
455,1.23017253509865e-06,0.001090270597902301,0.05117005665069609,0.3055872497908652,0.43098059927730814,0.19372287409755037,0.01744771941314275
456,1.1620090569682828e-06,0.0011071113275876526,0.05019260835792901,0.29956987611523106,0.433292792409399,0.19773413567830933,0.01810231410248717
457,1.1624166103866e-06,0.0010737600713043483,0.04932147724483417,0.29515445660571116,0.43644980545416906,0.19849619876589922,0.019503139441471556
458,1.052929989847379e-06,0.0010862657363176116,0.050002657350735856,0.29844988281439055,0.43338303034162967,0.19860418608768507,0.018472924739251412
459,1.3494846085330307e-06,0.0010330061771515232,0.048272645207485726,0.2942205484432035,0.4380303945386579,0.2017523262089113,0.016689729939981638
460,1.322555065866984e-06,0.00106529210184718,0.05013935474687016,0.301929881408076,0.4335995087557849,0.1948196353600725,0.018445005072283284
461,1.6726149254360108e-06,0.0010055243748826872,0.04750062604791589,0.2915812279877783,0.44063533667455723,0.2033078894388408,0.015967722861099744
462,1.1915289345234258e-06,0.001042348900094403,0.04859601271215602,0.29764481006288246,0.4378421562698475,0.1984177346286493,0.01645574589743579
463,1.7702931326176849e-06,0.0010915409721070051,0.04833288719695161,0.28842826801973026,0.43303233814889747,0.20829841264761875,0.020814782721562248
464,1.377226870396636e-06,0.0011130201820167707,0.050460239210976705,0.2998591999516808,0.4321638222623268,0.1964499788865696,0.019952362279558784
465,8.328812600842337e-07,0.0010430298269683653,0.04889469591302137,0.29442042599711543,0.431826485692043,0.20246063531493105,0.021353894374660762
466,9.54045908701088e-07,0.0010621877019048184,0.051815956207408226,0.31736268688312746,0.43699246933257335,0.1819473282815896,0.010818417547487835
467,9.087358737094339e-07,0.0010472142582220053,0.047235814493006074,0.28905188458511044,0.43603854833783817,0.20675496536475874,0.019870664225190855
468,1.5092135102475765e-06,0.0011002707244308632,0.050374766670107304,0.29761922859396694,0.43235018183173457,0.19998371730338235,0.018570325662867603
469,1.3332740908232701e-06,0.001042242875168941,0.050433816893776864,0.3076458218755863,0.4355485273309853,0.1907236578080293,0.01460459994236243
470,1.3592251892921567e-06,0.001070309272371971,0.0482884822270371,0.29124762608173643,0.43593382298551353,0.20495020856119137,0.018508191646960284
471,1.0040188068593338e-06,0.001052598987971794,0.04996684256124648,0.30191551026595814,0.4359558576344135,0.19526650673835058,0.015841679793252485
472,1.1641589879117698e-06,0.001079301062947284,0.049332134251190936,0.29327587666044513,0.4324782056584832,0.2006082298750342,0.023225088332911283
473,7.454757220003495e-07,0.001061835476094424,0.05084935700488766,0.30748212721288587,0.4345616255775584,0.1890897369956302,0.016954572257221436
474,1.0167522880805847e-06,0.001058280199843105,0.051326075814635636,0.309628756622656,0.4340331918497195,0.18804093896409244,0.01591173979676519
475,1.0600580515702236e-06,0.0010838695677795323,0.049011149162817874,0.29292859526531956,0.4340235885576897,0.2009250802259536,0.02202665716238812
476,1.688728093558571e-06,0.0010639480693588619,0.0504771248991377,0.29774668773145074,0.4321537742907712,0.19901610003807912,0.01954067624310869
477,1.1880663528286687e-06,0.0010948722227152364,0.04968796045469932,0.2982190604423003,0.4335199515469955,0.19793492336495305,0.019542043901983875
478,1.065444532807637e-06,0.0010113858394122527,0.050099439113935024,0.3102291732636646,0.43808294940558135,0.18747915932442186,0.013096827608452218
479,9.165051382510786e-07,0.0010980587037105274,0.05022223513410374,0.29950953891637705,0.43209907598971464,0.196969473424118,0.020100701326837764
480,8.722085725124736e-07,0.0010495868262303425,0.04923601566034654,0.296182759348089,0.4354857082786989,0.20164509777853498,0.016399959899527625
481,9.417832822375418e-07,0.0010908859099735362,0.05060074046058088,0.2990618651005399,0.43043080027021363,0.19824058819576937,0.02057417827964047
482,1.0991831308903066e-06,0.0010322419894332959,0.05140728330102114,0.3113988378902995,0.43616320982721946,0.185209563032227,0.01478776477666894
483,7.649369606789268e-07,0.0010050093975955633,0.051530458051655556,0.3156491521355827,0.4380718540230183,0.1813826869134639,0.012360074541723427
484,1.0499833241811024e-06,0.0010861727003466176,0.05089489399043779,0.30271402060889985,0.4331106492019405,0.19356129797104465,0.01863191554400636
485,1.7232141261598701e-06,0.0010683568269305099,0.05059484459014511,0.3019024190028942,0.4346094854444754,0.19459535512653323,0.017227815794895386
486,9.382774748915841e-07,0.0010368009471355404,0.04679085654154847,0.2869807245044343,0.43888028666452505,0.20714115912472456,0.019169233940157175
487,1.407270627163023e-06,0.0010597014260300954,0.049485281043731295,0.3022346439878797,0.43648052120829145,0.19428816982176753,0.01645027524167265
488,8.436829125476562e-07,0.0011060867177853126,0.05052756002141573,0.30074185217786825,0.43281154512893427,0.19535017579000447,0.019461936481079304
489,1.2156831979129844e-06,0.0011109097176685706,0.04926635821544942,0.2921117076906889,0.4324228111441531,0.20343011357689947,0.021656883971942677
490,1.4739930376266348e-06,0.0010803244012311962,0.050799542592389474,0.30329443764229136,0.4305701502306558,0.19432693416464428,0.01992713697575036
491,1.4518535841407432e-06,0.0010494921045973668,0.0507349525451027,0.30669686643760663,0.4340258191942377,0.19162438777559385,0.01586703008927746
492,9.93857741935188e-07,0.0010112905019180884,0.05240185492442828,0.3221579224890886,0.4345985218877918,0.17858364013413117,0.011245776204900177
493,9.866877341652042e-07,0.001047061476067221,0.049162982317101554,0.2960408482360462,0.433017626674735,0.20113834010836185,0.019592154499954002
494,1.072542403802145e-06,0.001055051175057713,0.04991981294612445,0.300995369943531,0.43366712503472404,0.19695264733359713,0.017408921024561923
495,1.0209674782500056e-06,0.0010861648704325018,0.049875577893376946,0.29613107901068586,0.432389905685472,0.20056164393963488,0.019954607632919605
496,9.462456544187212e-07,0.0010992508708155516,0.05123522487659122,0.303019678353412,0.43201467005960054,0.1942645357233361,0.018365693870590217
497,1.063623409497534e-06,0.0010728751717653496,0.049970400456929104,0.2977412390630816,0.4325780394571642,0.19902517037935544,0.019611211848295014
498,1.0437857538749996e-06,0.0010486553294964164,0.05214498090834695,0.3133680243446802,0.43572070796379536,0.18277194786608245,0.014944639801844836
499,1.112487898169001e-06,0.0010123126197924015,0.0486482206700574,0.3005646581805548,0.4368067687175988,0.19716003340660643,0.01580689391749196
